{"EndstopsMonitor":{"id":"EndstopsMonitor","name":"Endstops Monitor","author":"Duet3D Ltd","version":"3.4.0","license":"GPL-3.0-or-later","homepage":"https://github.com/Duet3D/DSF-Plugins","dwcVersion":"3.4","dwcDependencies":[],"sbcRequired":false,"sbcDsfVersion":null,"sbcData":{},"sbcExecutable":null,"sbcExecutableArguments":null,"sbcExtraExecutables":[],"sbcOutputRedirected":true,"sbcPermissions":[],"sbcPackageDependencies":[],"sbcPythonDependencies":[],"sbcPluginDependencies":[],"rrfVersion":null,"dsfFiles":[],"dwcFiles":["js/EndstopsMonitor.0416dadf.js","js/EndstopsMonitor.0416dadf.js.gz","js/EndstopsMonitor.0416dadf.js.map.gz","js/EndstopsMonitor.0416dadf.js.map"],"sdFiles":[],"pid":-1}}